"id","name","type","description","address","website","photos.0","category","directions","marker.lat","marker.lng","marker.icon","gmaps.min_zoom","gmaps.max_zoom","alternate_names.0","alternate_names.1","alternate_names.2","tags.0","tags.1","departments.0","departments.1","departments.2","departments.3","departments.4","departments.5","departments.6","departments.7","departments.8","departments.9","departments.10","departments.11","departments.12","departments.13","departments.14","departments.15","rooms.0","rooms.1","rooms.2","rooms.3","rooms.4","rooms.5","rooms.6","rooms.7","rooms.8","rooms.9"
"alexander_health_center","Alexander Health Center","place","The Alexander Health Center provides care and treatment of illnesses and minor emergencies for all full- and part-time students as well as TU employees. The goal of the health center is to provide individualized health care with professional expertise at a minimal cost. The health center also offers patients assistance in choosing and maintaining healthy lifestyles.","2946 East 5th Street, Tulsa, Oklahoma 74104-9700",,"http://images-cf.localist.com/assets/main/business_huge-c0846f6f497bda77b914557561c412e0.png","TU MAIN CAMPUS",,36.1534535085,-95.9462423092,"health",19,,,,,,,"Counseling and Psychological Services","Health Clinic",,,,,,,,,,,,,,,,,,,,,,,,
"alexandre_hogue_gallery","Alexandre Hogue Gallery","place","The Alexandre Hogue Gallery, housed in Phillips Hall and run by the School of Art, serves as the chief focal point for the university's engagement with the visual arts. Used year-round for the exhibition of arts, crafts, performance art and special events, the gallery also offers exhibits of historical, global and multicultural significance. It is also the site of the annual Gussman Student Art Exhibition and numerous shows by prominent artists and can be comfortably used for poetry readings and chamber music performances. The Hogue Gallery serves as a public venue for visiting artists and a campus showplace for School of Art faculty, students and alumni, and a forum for discussion of traditional and emerging artistic practices, innovative ideas and provocative notions.","2930 East 5th Street, Tulsa, Oklahoma 74104-9700",,"http://images-cf.localist.com/assets/main/business_huge-c0846f6f497bda77b914557561c412e0.png","TU MAIN CAMPUS",,36.1530401378,-95.946322038,"art-gallery",19,,,,,,,,,,,,,,,,,,,,,,,,,,,,,,,,
"bayless_plaza","Bayless Plaza","place","Dedicated in September 2006, the 7,500-square-foot Bayless Plaza provides a permanent home for TU's historic Kendall Bell, which has been rung by students completing their last final exam for nearly 75 years. In addition to the centerpiece bell cupola encircled by cast-stone columns, the plaza features brick walkways, gardens and benches. The plaza is named in honor of Bernice Bayless (BS '49) and her late husband, Robert Bayless (BA '49), whose generous gift funded this TU icon.","800 South Tucker Drive, Tulsa, Oklahoma 74104-9700",,"http://images-cf.localist.com/photos/250620/huge/751bdb0232265904ca741d6a277b049b4f6e2cd2.jpg","TU MAIN CAMPUS",,36.1512625418,-95.9467662245,"star",18,,,,,,,,,,,,,,,,,,,,,,,,,,,,,,,,
"boesche_legal_clinic","Boesche Legal Clinic","place","The Clinical Education Program at The University of Tulsa College of Law prepares students for the practice of law through a combination of real-world experience, intensive supervision and dynamic seminars. Clinic students also provide essential legal services to underserved individuals and communities. By engaging in public interest legal practice, clinic students have the opportunity to critically reflect on the justice system and their role in it, in the context of their development as lawyers.","407 South Florence Avenue, Tulsa, Oklahoma 74104-9700",,"http://images-cf.localist.com/photos/329698/huge/496c534fb4b738da02d2a9a0f9bbab9eb5346318.jpg","TU MAIN CAMPUS",,36.1548535502,-95.9444591399,"classroom",17,,,,,,,,,,,,,,,,,,,,,,,,,,,,,,,,
"chapman_commons","Chapman Commons (“The U”)","place","TU's south entrance, facing 11th Street along historic Route 66, provides a dramatic welcome to TU's residential campus. Components of the entrance project include the 5-acre Chapman Commons, the Genave King Rogers Fountain and Tucker Drive, Chapman Commons provides a picturesque campus entrance and facilitates outdoor gatherings both small and large. On football game days, Chapman Commons is the primary site for TU tailgate parties.","800 South Tucker Drive, Tulsa, Oklahoma 74104-9700",,"http://images-cf.localist.com/photos/329707/huge/6960a413782690ed806757759404c509f3b9c66f.jpg","TU MAIN CAMPUS",,36.1489504852,-95.9467355804,"star",16,,"The U",,,,,,,,,,,,,,,,,,,,,,,,,,,,,,
"chapman_hall","Chapman Hall","place","Chapman Hall, originally built in 1971 to house the College of Nursing, was the most modern nursing training center in the nation at the time. Currently, Chapman Hall is the home of the Henry Kendall College of Arts and Sciences.","2830 East 5th Street, Tulsa, Oklahoma 74104-9700",,"http://images-cf.localist.com/assets/main/business_huge-c0846f6f497bda77b914557561c412e0.png","TU MAIN CAMPUS",,36.1530590056,-95.9479187546,"classroom",17,,,,,,,"Henry Kendall College of Arts and Sciences","Department of Economics","Department of Educational Studies","Department of History","Department of Philosophy & Religion","Department of Political Science","School of Urban Education","Department of Sociology","Dean’s Office and Advising",,,,,,,,"Writing Lab",,,,,,,,,
"chapman_theatre_201","Chapman Theatre","place","Chapman Theatre, a proscenium thrust stage that seats 375, is equipped with a computerized lighting board and sound system. Theatre II is an experimental stage space that can accommodate any audience spatial relationship (round, thrust, proscenium, environmental.)","601 South College Avenue, Tulsa, Oklahoma 74104-9700",,"http://images-cf.localist.com/assets/main/business_huge-c0846f6f497bda77b914557561c412e0.png","TU MAIN CAMPUS",,36.1517964151,-95.9455484673,"theatre",18,,,,,,,,,,,,,,,,,,,,,,,,,,,,,,,,
"college_of_law","College of Law","place","This building houses the College of Law. Renovations were made in 2011 that improved the access, functionality and look of the building.","3120 East 4th Place, Tulsa, Oklahoma 74104-9700",,"http://images-cf.localist.com/assets/main/business_huge-c0846f6f497bda77b914557561c412e0.png","TU MAIN CAMPUS",,36.1543508518,-95.9437581055,"classroom",17,,,,,,,"Comparative & International Law Center","Computing Resources","Law Admission","Law Registrar","Native American Law Center","Price/Turpen Court Room","Professional Development","SERL",,,,,,,,,,,,,,,,,,
"collins_fitness_center","Collins Fitness Center","place","The Fulton and Susie Collins Fitness Center offers students a modern facility that fosters health and recreation. The fitness center houses three basketball courts, a workout area with 200+ pieces of equipment and a lounge with a big-screen television, furniture and its very own snack bar. A 3,200-square-foot multipurpose room, which can be divided into two rooms, has a soundproof wall and is used for aerobics, dance, kickboxing, ballet and yoga classes. Other features include a game room and a 1/8th-mile suspended indoor track. A sound system runs throughout the building.","502 South Delaware, Tulsa, Oklahoma 74104-9700",,"http://images-cf.localist.com/assets/main/business_huge-c0846f6f497bda77b914557561c412e0.png","TU MAIN CAMPUS",,36.1533809718,-95.9497352037,"athletics",16,,,,,,,"Campus Recreation","Cafe",,,,,,,,,,,,,,,,,,,,,,,,
"collins_hall","Collins Hall","place","The focal point of TU's new south entrance, Collins Hall provides a stunning gateway into the TU campus for visitors and alumni. The two-story, 39,000-square-foot building was dedicated in August 2007. Collins Hall consolidates key student services, such as financial aid and admission, into one central location. Collins Hall houses the TU Alumni Association offices with spaces for alumni activities, as well as areas where university memorabilia are displayed. Key university administrators, including the president, have offices in the building.","2905 East 8th Street, Tulsa, Oklahoma 74104-9700",,"http://images-cf.localist.com/assets/main/business_huge-c0846f6f497bda77b914557561c412e0.png","TU MAIN CAMPUS",,36.150051,-95.946785,"classroom",16,,"Shaw Alumni Center","Whitney Hall",,,,"Academic Affairs","Admission (Undergraduate)","Alumni Relations","Enrollment and Student Services","Executive Vice President’s Office","Law Alumni Association","President’s Office","Provost’s Office","Financial Aid",,,,,,,,,,,,,,,,,
"dietler_commons_formerly_the_u","Dietler Commons","place","The Dietler Commons is the large grassy area in front of McFarlin Library, and was the traditional entrance to the university. The open lawn with winding sidewalks and an iconic raised garden with seasonal flowers that spell out ""TU"" is the site for many outdoor gatherings and the annual Homecoming bonfire and festivities.","South Delaware Avenue, Tulsa, Oklahoma 74104-9700",,"http://images-cf.localist.com/assets/main/business_huge-c0846f6f497bda77b914557561c412e0.png","TU MAIN CAMPUS",,36.1521427286,-95.9479755645,"star",16,,"The Old U",,,,,,,,,,,,,,,,,,,,,,,,,,,,,,
"fisher_hall_east_pat_case_dining_center","Fisher Hall East / Pat Case Dining Center","place","Completely remodeled in 2010, this facility houses the Pat Case Dining Center as well as several offices for student and employee services. The exterior features a pavilion for dining al fresco, while the interior reflects a contemporary design with dark and light woods with bright and modern finishes.","2821 East 8th Street, Tulsa, Oklahoma 74104-9700",,"http://images-cf.localist.com/assets/main/business_huge-c0846f6f497bda77b914557561c412e0.png","TU MAIN CAMPUS",,36.1504645026,-95.9483332761,"food",17,,"The Caf",,,,,"Assessment Office","Environment Health and Safety","Housing and Dining Services","Human Resources","IT Web Services","Parking and Card Services","Tulsa Global Alliance",,,,,,,,,,,,,,,,,,,
"gilcrease_museum","Gilcrease Museum","place","Gilcrease Museum is one of the country's best facilities for the preservation and study of American art and history. The museum's charm, beauty and collections draw thousands of visitors from around the world to the hills just northwest of downtown Tulsa. Gilcrease Museum houses the world's largest, most comprehensive collection of art and artifacts of the American West. The museum also offers an unparalleled collection of Native American art and artifacts, as well as historical manuscripts, documents and maps. Beyond the extensive Gilcrease collections and exhibits are its beautiful facilities and gardens. Themed gardens have been developed on 23 of the museum's 460 acres.","1400 North Gilcrease Museum Road, Tulsa, Oklahoma 74127-2100",,"http://images-cf.localist.com/assets/main/business_huge-c0846f6f497bda77b914557561c412e0.png","TU MAIN CAMPUS",,36.174487,-96.020985,"museum",12,,,,,,,,,,,,,,,,,,,,,,,,,,,,,,,,
"harwell_hall","Harwell Hall","place","Harwell Gymnasium was completed in 1920 after Tulsa oilman E.P. Harwell donated $100,000 for its construction. It was renovated in 1966-67 and renamed Harwell Alumni Library. Currently, it houses the Department of Anthropology.","615 South Florence Avenue, Tulsa, Oklahoma 74104-9700",,"http://images-cf.localist.com/photos/334635/huge/47290d46382c41514309f8c14e700268b1777219.jpg","TU MAIN CAMPUS",,36.151489,-95.944786,"classroom",17,,,,,,,"Department of Anthropology",,,,,,,,,,,,,,,,,,,,,,,,,
"helmerich_center_for_american_research","Helmerich Center for American Research","place","The Helmerich Center for American Research, located adjacent to Gilcrease Museum, houses the Gilcrease Library and Archive containing nearly 100,000 rare books, documents, maps and unpublished works. The collection includes a vast archive of printed documents, dating back to the time of Columbus, that detail Spanish arrival in the New World, as well as documents that tell the stories of the New England colonies, westward expansion and the experiences of America's native peoples. The center enhances scholarship opportunities relating to Gilcrease Museum and its collection.","1400 North Gilcrease Museum Road, Tulsa, Oklahoma 74127-2100",,"http://images-cf.localist.com/assets/main/business_huge-c0846f6f497bda77b914557561c412e0.png","TU MAIN CAMPUS",,36.1732,-96.021285,"classroom",18,,,,,,,,,,,,,,,,,,,,,,,,,,,,,,,,
"helmerich_hall","Helmerich Hall","place","Helmerich Hall is the home of the Collins College of Business. Renovations were completed in 2008. A front arch offers a grand entrance to welcome students and visitors and beautifully connects Helmerich Hall with the campus. A tower entrance was added on the north side the building, which has Gothic architectural elements that blend with the rest of campus. The college also renovated its interior spaces, adding comfortable public spaces for students to meet and study.","The University of Tulsa, 3102-3128 East 5th Street, Tulsa, OK 74104, USA",,"http://images-cf.localist.com/assets/main/business_huge-c0846f6f497bda77b914557561c412e0.png","TU MAIN CAMPUS",,36.153233,-95.947166,"classroom",17,,,,,,,"School of Energy Economics, Policy and Commerce","School of Finance, Operations Management and International Business","Department of Management and Marketing","School of Accounting & Management Information Systems","Collins College of Business – Dean’s Office","Business Advising: Undergraduate & Graduate","Business Career Center","Center for Executive & Professional Development","Energy Management Center","Family-Owned Business Institute","Genave Rogers Business Law Center","Graduate Business Programs","Undergraduate Business Programs","Williams Student Services Center",,,,,,,,,,,,
"henneke_building","Henneke Building","place","Located just off of the main campus, the Henneke building is now used for small speaking engagements. It also houses important university archives, such as the Alumni Heritage collection, Continuing Engineering and Science Education offices and the Institute for Information Security.","1204 South Harvard Avenue, Tulsa, Oklahoma 74104-9700",,"http://images-cf.localist.com/assets/main/business_huge-c0846f6f497bda77b914557561c412e0.png","TU MAIN CAMPUS",,36.145798,-95.940697,"classroom",18,,,,,,,,,,,,,,,,,,,,,,,,,,,,,,,,
"jackson_commons","Jackson Commons","place","This green space in front of the Roxana R�zsa and Robert Lorton Performance Center often hosts outdoor film screenings and special events.","550 South Gary Place, Tulsa, Oklahoma 74104-9700",,"http://images-cf.localist.com/assets/main/business_huge-c0846f6f497bda77b914557561c412e0.png","TU MAIN CAMPUS",,36.1517113423,-95.9406657116,"classroom",18,,,,,,,,,,,,,,,,,,,,,,,,,,,,,,,,
"kendall_hall","Kendall Hall","place","Kendall Hall features two fully equipped theaters, a scene shop, costume shop and computer design lab. Chapman Theatre has a proscenium thrust stage and seats 375. It is equipped with a computerized lighting board and sound system.","601 South College Avenue, Tulsa, Oklahoma 74104-9700",,"http://images-cf.localist.com/photos/281917/huge/7f347ff200c0f6b9ec28a4a12c2ae038e1d8ca8d.jpg","TU MAIN CAMPUS",,36.1519231495,-95.9452061607,"classroom",17,,,,,,,"Department of Theatre and Musical Theatre","KWGS","Theatre II","TUTV","Video Production",,,,,,,,,,,,"Box Office",,,,,,,,,
"keplinger_hall","Keplinger Hall","place","Keplinger Hall is home to the College of Engineering and Natural Sciences. It is equipped with labs, lecture rooms, faculty offices and study areas. Renovations are set to begin in 2015.","430 South Gary Place, Tulsa, Oklahoma 74104-9700",,"http://images-cf.localist.com/assets/main/business_huge-c0846f6f497bda77b914557561c412e0.png","TU MAIN CAMPUS",,36.1539317426,-95.9419129276,"classroom",17,,,,,,,"Russell School of Chemical Engineering","Department of Chemistry and Biochemistry","Department of Mathematics","Department of Geosciences","Department of Physics and Engineering Physics","College of Engineering and Natural Sciences",,,,,,,,,,,,,,,,,,,,
"little_blue_house_833","Little Blue House","place","The Little Blue House is home to the United Campus Ministries. UCM is comprised of University of Tulsa students of all faiths and backgrounds � including those who are not sure if they have a faith. UCM is a �ministry of inclusion,� meaning that we believe everyone is a child of God and that all are welcome � regardless of faith tradition, race, gender, sexual orientation, national origin, age, ability or background.","2839 East 5th Street, Tulsa, Oklahoma 74104-9700",,"http://images-cf.localist.com/photos/316041/huge/28371adc5afbcf1b92f45b55052d2380ed815351.jpg","CAMPUS MINISTRIES",,36.1538648228,-95.9475703644,"christian",18,,,,,,,,,,,,,,,,,,,,,,,,,,,,,,,,
"lorton_hall","Lorton Hall","place","The Department of Psychology is located in the recently renovated Lorton Hall, which contains offices, classrooms, research labs, study areas, and clinical training space.","2820 East 6th Street, Tulsa, Oklahoma 74104-9700",,"http://images-cf.localist.com/assets/main/business_huge-c0846f6f497bda77b914557561c412e0.png","TU MAIN CAMPUS",,36.1513516684,-95.9479511485,"classroom",17,,,,,,,"Department of Psychology","Center for Student Academic Support","Disability Assistance","Graduate School",,,,,,,,,,,,,,,,,,,,,,
"lorton_performance_center","Lorton Performance Center","place","The Roxana Rozsa and Robert Eugene Lorton Performance Center was completed in 2011. The facility includes the Herbert and Roseline Gussman Concert Hall with seating for 635 on two floors, as well as a full performance stage with ballet floor, scenery fly and trap room, a hydraulic orchestra pit, theatrical lighting and acoustical control booths. Guests enter through Ann and Jack Graves Grand Hall, an elegant and spacious lobby that serves as an art gallery and pre-function space for receptions and similar gatherings.\n\nLorton Performance Center web site","550 South Gary Place, Tulsa, Oklahoma 74104-9700",,"http://images-cf.localist.com/photos/302794/huge/86dcc146b12bc5614361d50648da231e18a2baac.jpg","TU MAIN CAMPUS",,36.1516955188,-95.9416984921,"theatre",16,,,,,"Facilities for Campus Events",,"Department of Film Studies","School of Music",,,,,,,,,,,,,,,"Gussman Concert Hall",,,,,,,,,
"mabee_legal_information_center","Mabee Legal Information Center","place","The MLIC offers the latest library technologies in a comfortable, spacious and attractive research environment for law students, faculty and attorneys. The center also provides space for both law school journal offices, the Board of Advocates, the Utsey Family Native American Law Center, Comparative and International Law room, an Alternative Dispute Resolution Center, an Alumni Conference room and many group study rooms.","407 South Florence Avenue, Tulsa, Oklahoma 74104-9700",,"http://images-cf.localist.com/assets/main/business_huge-c0846f6f497bda77b914557561c412e0.png","TU MAIN CAMPUS",,36.1540446398,-95.9443612331,"library",18,,,,,,,"Law Library","Petroleum Abstracts","Student Journal Offices","Writing Program Suite",,,,,,,,,,,,,,,,,,,,,,
"mary_k_chapman_center","Mary K. Chapman Center","place","The Mary K. Chapman Center for Communicative Disorders provides professional audiology and speech-language pathology services to individuals of all ages. The center is located in a well-equipped building that is accessible to all persons with disabilities.","2820 East 5th Street, Tulsa, Oklahoma 74104-9700",,"http://images-cf.localist.com/assets/main/business_huge-c0846f6f497bda77b914557561c412e0.png","TU MAIN CAMPUS",,36.153439,-95.948296,"classroom",18,,,,,,,"Department of Communication Sciences & Disorders","Deaf Education","Department of Speech-Language Pathology",,,,,,,,,,,,,,,,,,,,,,,
"mcclure_hall","McClure Hall","place","Dedicated in the spring of 1959 as part of the inaugural week celebration of Dr. Ben Henneke, McClure Hall once housed the president's office, but now offices of the controller, registrar and research can be found there.","2905 East 7th Street, Tulsa, Oklahoma 74104-9700",,"http://images-cf.localist.com/assets/main/business_huge-c0846f6f497bda77b914557561c412e0.png","TU MAIN CAMPUS",,36.1510880528,-95.9473714577,"classroom",18,,,,,,,"Accounts Payable","Business Office","Controller’s Office","Institutional Research","Registration and Records","Office of Research and Sponsored Programs",,,,,,,,,,,,,,,,,,,,
"mcfarlin_library","McFarlin Library","place","McFarlin Library is the academic heart of the university. Here you will find the Pauline M. Walter Academic Technology Center, library's reading rooms, Gray Student Commons, Ann and Jack Graves Faculty Study, the Cort and Martha Dietler Cafe and the Jack and Tybie Davis Satin Rare Book Room.","2933  East 6th Street, Tulsa, Oklahoma 74104-9700",,"http://images-cf.localist.com/photos/340165/huge/890be479af119d2a78ef5d72cbb983f6d9211145.jpg","TU MAIN CAMPUS",,36.1522698452,-95.9459790086,"library",16,,,,,,,"Academic Computing","Acquisitions","Circulation/Reserves","Faculty Resource Center","Government Documents","Honors Program","Interlibrary Loan","Library Administration","Media Services","National Scholarships","Petroleum Abstracts Document Delivery Service","Reference/Serials","Satin Rare Book Room","TU Copy","Writing Center","Special Collections","Computer Laboratories","Dietler Cafe","Graves Faculty Study",,,,,,,
"north_campus_615","North Campus","place","The goal of North Campus is to explore innovations for the petroleum industry and foster learning by students, researchers, private industry and governments. The land and buildings were donated to the university by the Humble Oil and Refining Company in 1965.","2450 East Marshall Street, Tulsa, Oklahoma 74110-4726",,"http://images-cf.localist.com/assets/main/business_huge-c0846f6f497bda77b914557561c412e0.png","TU MAIN CAMPUS",,36.171436,-95.955254,"classroom",12,,,,,"TUCFP","TUDCP","Apline Building","ARCO Building","Drill Building","Drill Lab","Gas Lift Valve Test Facility","Machine Shop","M.E. Hybrid/Electric Cars","Process Building","Special Projects Building","Test Well","Cold Flow Projects","Dynamic Test Facility","Erosion/Corrosion Research Center","Hydrate Remediation Projects","Saudi Aramco Research Center",,,,,,,,,,,
"oliphant_hall","Oliphant Hall","place","Home to the Department of Languages, as well as the Department of Biological Science, Oliphant Hall includes a language lab, science classrooms, an auditorium, a rooftop greenhouse and a small inner courtyard garden.","3015 East 7th Street, Tulsa, Oklahoma 74104-9700",,"http://images-cf.localist.com/assets/main/business_huge-c0846f6f497bda77b914557561c412e0.png","TU MAIN CAMPUS",,36.151062,-95.945419,"classroom",17,,,,,,,"Department of Communication","Department of Languages","Department of Biological Science",,,,,,,,,,,,,,,,,,,,,,,
"college_of_health_sciences_851","Oxley Health Sciences Facilities","place",,"1215 S. Boulder Ave., Tulsa, OK, 74119",,"http://images-cf.localist.com/assets/main/business_huge-c0846f6f497bda77b914557561c412e0.png","TU MAIN CAMPUS",,36.144484,-95.987854,"classroom",12,,,,,,,"Department of Kinesiology and Rehabilitative Sciences","School of Nursing",,,,,,,,,,,,,,,,,,,,,,,,
"phillips_hall_166","Phillips Hall","place","Phillips Hall houses the School of Art and the Alexandre Hogue Gallery. Classrooms and studio space provide students with a diverse variety of learning opportunities. Phillips Hall, which originally housed the program of petroleum engineering, is one of the oldest buildings on campus.","2930 East 5th Street, Tulsa, Oklahoma 74104-9700",,"http://images-cf.localist.com/assets/main/business_huge-c0846f6f497bda77b914557561c412e0.png","TU MAIN CAMPUS",,36.1529010112,-95.9464950466,"classroom",17,,,,,,,"School of Art",,,,,,,,,,,,,,,,,,,,,,,,,
"rayzor_hall","Rayzor Hall","place","J. Newton Rayzor Hall houses the Tandy School of Computer Science and Department of Electrical and Computer Engineering. Located east of the Student Union, Rayzor Hall includes 24 integrated classrooms and teaching/research laboratories, 33 faculty and graduate student offices, two conference rooms, and five student commons areas with a student organizations office.","East 5th Place, Tulsa, Oklahoma 74104-9700",,"http://images-cf.localist.com/assets/main/business_huge-c0846f6f497bda77b914557561c412e0.png","TU MAIN CAMPUS",,36.1531041826,-95.9427271399,"classroom",17,,,,,,,"Tandy School of Computer Science","Department of Electrical and Computer Engineering","Erosion/Corrosion Research Center",,,,,,,,,,,,,,,,,,,,,,,
"samson_plaza","Samson Plaza","place","This 1.5-acre plaza connects Keplinger, Rayzor and Stephenson halls. Funded through a gift from Samson, the plaza honors the memory of the late Charles Schusterman. The outdoor space welcomes students and visitors with the following amenities: fountain with black granite base, vintage acorn lamps, oak and crape myrtle trees and seasonal flower beds.","East 5th Place, Tulsa, Oklahoma 74104-9700",,"http://images-cf.localist.com/assets/main/business_huge-c0846f6f497bda77b914557561c412e0.png","TU MAIN CAMPUS",,36.1535414915,-95.9428295939,"star",18,,,,,,,,,,,,,,,,,,,,,,,,,,,,,,,,
"sharp_plaza","Sharp Plaza","place","Located between McFarlin Library and Sharp Chapel in the heart of campus, Sharp Plaza often is a hub of activity between classes.","2940 East 6ht Street, Tulsa, Oklahoma 74104-9700",,"http://images-cf.localist.com/assets/main/business_huge-c0846f6f497bda77b914557561c412e0.png","TU MAIN CAMPUS",,36.1518520108,-95.946129,"star",18,,,,,,,,,,,,,,,,,,,,,,,,,,,,,,,,
"stephenson_hall","Stephenson Hall","place","Stephenson Hall houses the McDougall School of Petroleum Engineering and Department of Mechanical Engineering. Located on the corner of Gary and 5th Places, it features 16 integrated classrooms and teaching/research laboratories, 34 faculty and graduate student offices, four student commons areas, a conference room and a student organizations office.","3205 East 5th Place, Tulsa, Oklahoma 74104-9700",,"http://images-cf.localist.com/assets/main/business_huge-c0846f6f497bda77b914557561c412e0.png","TU MAIN CAMPUS",,36.1530833483,-95.9420742712,"classroom",17,,,,,,,"Department of Mechanical Engineering","McDougall School of Petroleum Engineering",,,,,,,,,,,,,,,,,,,,,,,,
"student_union","Student Union","place","Allen Chapman Student Union is a 78,000-square-foot, two-story building with a center atrium that is home to nine food venues. The Union is one of the primary sites that accommodates the event-related needs of the university and, on a more limited basis, those of community friends. Renovations completed in 2014 feature a food court and redesigned entrances. Lecture rooms received facelifts and outdoor patio space around the building was completed in 2015.","3135 East 5th Place, Tulsa, OK  74104",,"http://images-cf.localist.com/assets/main/business_huge-c0846f6f497bda77b914557561c412e0.png","TU MAIN CAMPUS",,36.1534155312,-95.943567373,"food",16,,"Allen Chapman Activity Center","The ACAC","Allen Chapman Student Union",,,"ATM ","C-Store","Dining Services Administration","Faculty Club Lounge","Food Court","Hurricane Hut Sports Bar & Grill","International Student Services","Mail Services","Mail Boxes","Student Association","Summer Conference Services","Volunteer Student Center",,,,,"Administrative Conference Room","Chouteau Room","Gallery Hall","Great Hall",,,,,,
"university_of_tulsa","The University of Tulsa","place","The university!","800 South Tucker Drive, Tulsa, Oklahoma 74104-9700","https://utulsa.edu",,"TU MAIN CAMPUS","800 S Tucker Dr, Tulsa, OK 74104",36.1508425996,-95.9448471164,"classroom",,15,,,,,,,,,,,,,,,,,,,,,,,,,,,,,,,
"true_blue_house_590","True Blue House","place",,"3126 E 5th Pl Tulsa, OK 74104",,"http://images-cf.localist.com/photos/348985/huge/2d2d61e95b85b218c0c198f2fb656f04b3793321.jpg","TU MAIN CAMPUS",,36.1524665468,-95.9438257669,"star",18,,,,,,,,,,,,,,,,,,,,,,,,,,,,,,,,
"tyrrell_hall","Tyrrell Hall","place","Tyrrell Hall is home to six state-of-the-art multimedia classrooms. Envisioned as a teaching laboratory, Tyrrell offers a place where faculty can experiment with technology and explore how it might enhance and extend classroom interactions both near and far. Two classrooms accommodate small seminars of 10-15 students; two classrooms are suited to classes with 18-20 students; one classroom accommodates 30 students; and the Ellen G. Adelson Auditorium will seat 108.","2930 East 6th Street, Tulsa, Oklahoma 74104-9700",,"http://images-cf.localist.com/assets/main/business_huge-c0846f6f497bda77b914557561c412e0.png","TU MAIN CAMPUS",,36.151527,-95.946854,"classroom",18,,,,,,,"Oklahoma Center for the Humanities",,,,,,,,,,,,,,,,"Ellen G. Adelson Auditorium",,,,,,,,,
"university_school","University School","place","University School is a private school, serving academically talented children ages 3 through 13 (eighth grade). USchool serves as a national model of excellence in pre-college education for students of high academic potential by working with them to enhance academic achievement, develop personal and community responsibility and foster creativity.","326 South College Avenue, Tulsa, Oklahoma 74104-9700",,"http://images-cf.localist.com/photos/396921/huge/01effee0f8cb7f68a29008a777520a63a4b851d2.jpg","TU MAIN CAMPUS",,36.1552416866,-95.9466908479,"school",18,,,,,,,,,,,,,,,,,,,,,,,,,,,,,,,,
"westby_hall","Westby Hall","place","The offices of Institutional Advancement and the Golden Hurricane Club are housed in Westby.","710 South College Avenue, Tulsa, Oklahoma 74104-9700",,"http://images-cf.localist.com/assets/main/business_huge-c0846f6f497bda77b914557561c412e0.png","TU MAIN CAMPUS",,36.150475,-95.9466377669,"classroom",18,,,,,,,"Development","Donor Services","Golden Hurricane Club","University Relations",,,,,,,,,,,,,,,,,,,,,,
"zarrow_center_for_art_education","Zarrow Center for Art & Education","place","In the midst of the revitalized downtown Brady Arts District is the Henry Zarrow Center for Art & Education, which serves TU's School of Art and Gilcrease Museum. The Zarrow Center includes classrooms, art studios, gallery space and a reception area for events.","124 East M.B. Brady Street, Tulsa, Oklahoma 74103-2014",,"http://images-cf.localist.com/photos/340090/huge/483786c5665e3840e8f35736711991494a1dc93f.jpg","TU MAIN CAMPUS",,36.158813,-95.991516,"art-gallery",13,,,,,,,,,,,,,,,,,,,,,,,,,,,,,,,,
"zink_hall","Zink Hall","place","This building is home to several departments including English, Continuing Education and Information Technology.","3101 East 7th Street, Tulsa, Oklahoma 74104-9700",,"http://images-cf.localist.com/assets/main/business_huge-c0846f6f497bda77b914557561c412e0.png","TU MAIN CAMPUS",,36.1510314921,-95.9446142245,"classroom",17,,,,,,,"Department of English","Administrative Computing","Continuing Education","Data Networking & Communication Services","Information Technology Administration","IT Client Services","IT Security","IT System Ops and Services","Legal Assistant Program","NIMROD Journal",,,,,,,,,,,,,,,,
"7th_street_house","7th Street House","place","The International Living Community (ILC) is located in LaFortune and 7th Street Houses near the engineering complex, the Lorton Performance Center, H.A. Chapman Stadium and the Reynolds Center. The ILC offers many attractive conveniences including a small refrigerator in each room. The facility has a private female floor with a lounge for laundry, study and recreation. Weekly dinners offer a variety of cultures and/or guest speakers, and there are monthly excursions featuring the intercultural experiences that Tulsa and the surrounding area have to offer.","3211 East 7th Street, Tulsa, Oklahoma 74104-9700",,"http://images-cf.localist.com/assets/main/business_huge-c0846f6f497bda77b914557561c412e0.png","STUDENT HOUSING",,36.151096,-95.942131,"housing",19,,,,,,,,,,,,,,,,,,,,,,,,,,,,,,,,
"brown_village_apartments","Brown Village Apartments","place","Comfortably located on the northeast corner of campus across from the engineering complex, these apartments are conveniently located near Allen Chapman Student Union, which houses mail services and an expansive food court. Brown Village includes 84 two-bedroom apartments and 12 one-bedroom apartments with a courtyard and housing staff that plan cookouts and other social, educational and personal development activities.","East 4th Place, Tulsa, Oklahoma 74104-9700",,"http://images-cf.localist.com/assets/main/business_huge-c0846f6f497bda77b914557561c412e0.png","STUDENT HOUSING",,36.1541761541,-95.940985589,"housing",17,,,,,,,,,,,,,,,,,,,,,,,,,,,,,,,,
"fisher_hall_south","Fisher Hall South","place","With its contemporary open architecture, Fisher South provides a modern, but home-like environment. In addition to the many amenities it shares with other TU residence halls, it features a three-story skylight atrium and open lounge areas. A central staircase opens onto all lounge areas, encouraging a community feeling. Fisher South has a carpeted study lounge with carrels, a lounge with fireplace and a mini-kitchen, equipped for recreational cooking. The first-floor lounge, with its large-screen TV, is a popular spot for weekly movie nights and sporting events.","2831 East 8th Street, Tulsa, Oklahoma 74104-9700",,"http://images-cf.localist.com/assets/main/business_huge-c0846f6f497bda77b914557561c412e0.png","STUDENT HOUSING",,36.1499885127,-95.9477401399,"housing",18,,,,,,,,,,,,,,,,,,,,,,,,,,,,,,,,
"fisher_hall_west_suites","Fisher Hall West Suites","place","Fisher West Suites provide an exceptional on-campus living experience for upper classmen and graduate and law students. This housing is designated for students who want a community environment with more independent living. Fisher West Suites was renovated in 2010. All standard and deluxe suites have fully furnished common areas and bathrooms. Each room is equipped with wireless Internet, micro-fridge, cable outlet and moveable bed, desk and wardrobe.","2821 East 8th_Street, Tulsa, Oklahoma 74104-9700",,"http://images-cf.localist.com/assets/main/business_huge-c0846f6f497bda77b914557561c412e0.png","STUDENT HOUSING",,36.1504506839,-95.9489303816,"housing",18,,,,,,,,,,,,,,,,,,,,,,,,,,,,,,,,
"hardesty_hall","Hardesty Hall","place","Hardesty Hall, a 100,000-square-foot residence hall, opened in August 2015. It housing around 300 students as well as 36,000 square feet of office space for the Holmes Student Center and other services. Located near the middle of campus, Hardesty sits between the Student Union and McFarlin Library.","3105 East 5th Place, Tulsa, Oklahoma 74104-9700",,"http://images-cf.localist.com/photos/329688/huge/11e39f03134057559e89d7c7e6f2775c6594b610.jpg","STUDENT HOUSING",,36.152988,-95.944588,"housing",17,,,,,,,,,,,,,,,,,,,,,,,,,,,,,,,,
"john_mabee_hall","John Mabee Hall","place","John Mabee Hall is TU's traditional all-male residence. Renovations were completed in 2014. In addition to the many features it shares with other TU residence halls, it offers a relaxed club atmosphere with a comfortable main lounge featuring a snooker table, fireplace and 65-inch HDTV.","2807 East 5th Place, Tulsa, Oklahoma 74104-9700",,"http://images-cf.localist.com/assets/main/business_huge-c0846f6f497bda77b914557561c412e0.png","STUDENT HOUSING",,36.1532057446,-95.9487801779,"housing",17,,,,,,,,,,,,,,,,,,,,,,,,,,,,,,,,
"lafortune_house","LaFortune House","place","LaFortune is the first TU residence hall to have an International Living Community. In addition to the many features it shares with other TU residence halls, LaFortune includes a vast open main lounge with fireplace and pool table. The large-screen TV is great for watching sporting events and movies. Suite-style living creates an atmosphere of community and recreational opportunities.","3202 East 7th Street, Tulsa, Oklahoma 74104-9700",,"http://images-cf.localist.com/assets/main/business_huge-c0846f6f497bda77b914557561c412e0.png","STUDENT HOUSING",,36.1504831813,-95.9421277411,"housing",17,,,,,,,,,,,,,,,,,,,,,,,,,,,,,,,,
"lorton_village_apartments","Lorton Village Apartments","place","The active Lorton Village community is conveniently located on the south central side of campus and looks out on Chapman Commons to the west and H.A. Chapman Stadium to the east. With easy access to 11th Street and lots of excitement on game days, living in this community is never boring. Lorton Village consists of 48 two-bedroom apartments and 18 one-bedroom apartments. Primarily an undergrad living community, Lorton Village boasts two sand volleyball pits.","2820 East 8th Street, Tulsa, Oklahoma 74104-9700",,"http://images-cf.localist.com/assets/main/business_huge-c0846f6f497bda77b914557561c412e0.png","STUDENT HOUSING",,36.1487875466,-95.9458689067,"housing",17,,,,,,,,,,,,,,,,,,,,,,,,,,,,,,,,
"lottie_jane_mabee_hall","Lottie Jane Mabee Hall","place","Lottie Jane is TU's traditional women's residence hall. It offers a warm, home-like atmosphere with a parlor that features a fireplace, grand piano and elegant furnishings. Lottie Jane is known for its active hall government, which plans social and academic programs throughout the year. A remodel will be complete in fall 2015.","2808 East 6th Street, Tulsa, Oklahoma 74104-9700",,"http://images-cf.localist.com/photos/329690/huge/1f1ea7d6abb99799b9d716d8cde11d71298e8712.jpg","STUDENT HOUSING",,36.151252813,-95.9486972834,"housing",17,,,,,,,,,,,,,,,,,,,,,,,,,,,,,,,,
"mayo_village_apartments_student_activities_center","Mayo Village Apartments & Student Activities Center","place","This active community on the southwest corner of campus looks out on Chapman Commons to the east and the Tulsa skyline to the west. This community consists of 120 two-bedroom apartments and 90 one-bedroom apartments. Mayo Village surrounds a beautiful Student Activity Center with five flat-panel televisions, Wii and Playstation gaming systems, a conference room, a huge kitchen and 16' screen for movie nights.","South Delaware Avenue, Tulsa, Oklahoma 74104-9700",,"http://images-cf.localist.com/assets/main/business_huge-c0846f6f497bda77b914557561c412e0.png","STUDENT HOUSING",,36.1486971707,-95.9480471779,"housing",17,,,,,,,,,,,,,,,,,,,,,,,,,,,,,,,,
"norman_village_apartments_clubhouse","Norman Village Apartments & Clubhouse","place","Nestled on the northwest corner of campus, Norman Village is home to undergraduate, graduate and law students seeking a quieter environment. This community consists of 106 two-bedroom and 44 one-bedroom apartments; a clubhouse with HD flat-panel television and surround sound, Wii gaming system, and a conference room with a convertible billiards table; and a pool.","315 South Delaware Avenue, Tulsa, Oklahoma 74104-9700",,"http://images-cf.localist.com/assets/main/business_huge-c0846f6f497bda77b914557561c412e0.png","STUDENT HOUSING",,36.1559740718,-95.9487207202,"housing",17,,,,,,,,,,,,,,,,,,,,,,,,,,,,,,,,
"5th_place_house","5th Place House","place",,,,,"STUDENT HOUSING",,36.1522816,-95.9437966,"housing",17,,,,,,,,,,,,,,,,,,,,,,,,,,,,,,,,
"university_square_apartments","University Square Apartments","place","Living on campus cannot be more comfortable or convenient than living in University Square Apartments _ South and West, near door to the Collins Fitness Center and the Hurricane Track and Field/Soccer Complex. This community consists of 48 three-bedroom, 120 two-bedroom and 48 one-bedroom apartments. A primarily undergraduate community, USA-West has a pool and courtyard area that are accessible to USA-South residents.","South Delaware Avenue, Tulsa, Oklahoma 74104-9700",,"http://images-cf.localist.com/assets/main/business_huge-c0846f6f497bda77b914557561c412e0.png","STUDENT HOUSING",,36.1541693256,-95.9482567447,"housing",17,,,,,,,,,,,,,,,,,,,,,,,,,,,,,,,,
"west_park_village","West Park Village","place","Located a few blocks from campus, the West Park apartments offer students a pet-friendly option for college life. This undergraduate and graduate student community has 15 two-bedroom and five one-bedroom apartments. The building has well-lit, monitored interior corridors, electronic-access entrances and other safety features.","2405 East 4th Place, Tulsa, Oklahoma 74104-9700",,"http://images-cf.localist.com/assets/main/business_huge-c0846f6f497bda77b914557561c412e0.png","STUDENT HOUSING",,36.1536586361,-95.9573008922,"housing",18,,,,,,,,,,,,,,,,,,,,,,,,,,,,,,,,
"sorority_row","Sorority Row","place","Nine national sororities have chapters on campus. These organizations encourage scholarship, leadership, social and personal development.","East 5th Place, Tulsa, Oklahoma 74104-9700",,"http://images-cf.localist.com/assets/main/business_huge-c0846f6f497bda77b914557561c412e0.png","STUDENT HOUSING",,36.1526261602,-95.9431748135,"housing",17,18,,,,,,,,,,,,,,,,,,,,,,,,,,,,,,,
"chi_omega","Chi Omega Sorority","place",,,,,"STUDENT HOUSING",,36.1524927,-95.9445933,"housing",19,,,,,,,,,,,,,,,,,,,,,,,,,,,,,,,,
"delta_delta_delta","Delta Delta Delta Sorority","place",,,,,"STUDENT HOUSING",,36.1525187,-95.9442392,"housing",19,,,,,,,,,,,,,,,,,,,,,,,,,,,,,,,,
"kappa_delta","Kappa Delta Sorority","place",,,,,"STUDENT HOUSING",,36.1524407,-95.9434077,"housing",19,,,,,,,,,,,,,,,,,,,,,,,,,,,,,,,,
"kappa_kappa_gamma","Kappa Kappa Gamma Sorority","place",,,,,"STUDENT HOUSING",,36.1524256,-95.9429517,"housing",19,,,,,,,,,,,,,,,,,,,,,,,,,,,,,,,,
"delta_gamma","Delta Gamma Sorority","place",,,,,"STUDENT HOUSING",,36.1524234,-95.9425762,"housing",19,,,,,,,,,,,,,,,,,,,,,,,,,,,,,,,,
"kappa_alpha_theta","Kappa Alpha Theta Sorority","place",,,,,"STUDENT HOUSING",,36.1525274,-95.9421659,"housing",19,,,,,,,,,,,,,,,,,,,,,,,,,,,,,,,,
"fraternity_row","Fraternity Row","place","Seven national fraternities have chapters on campus. These organizations encourage scholarship, leadership, social, and personal development.","East 7th Street, Tulsa, Oklahoma 74104-9700",,"http://images-cf.localist.com/assets/main/business_huge-c0846f6f497bda77b914557561c412e0.png","STUDENT HOUSING",,36.1508770315,-95.9430143767,"housing",17,18,,,,,,,,,,,,,,,,,,,,,,,,,,,,,,,
"sigma_chi","Sigma Chi Fraternity","place",,,,,"STUDENT HOUSING",,36.1510958,-95.9417769,"housing",19,,,,,,,,,,,,,,,,,,,,,,,,,,,,,,,,
"lambda_chi_alpha","Lambda Chi Alpha Fraternity","place",,,,,"STUDENT HOUSING",,36.1511001,-95.9425306,"housing",19,,,,,,,,,,,,,,,,,,,,,,,,,,,,,,,,
"kappa_alpha","Kappa Alpha Fraternity","place",,,,,"STUDENT HOUSING",,36.1511066,-95.9429571,"housing",19,,,,,,,,,,,,,,,,,,,,,,,,,,,,,,,,
"kappa_sigma","Kappa Sigma Fraternity","place",,,,,"STUDENT HOUSING",,36.151111,-95.9434453,"housing",19,,,,,,,,,,,,,,,,,,,,,,,,,,,,,,,,
"pi_kappa_alpha","Pi Kappa Alpha Fraternity","place",,,,,"STUDENT HOUSING",,36.151111,-95.9439898,"housing",19,,,,,,,,,,,,,,,,,,,,,,,,,,,,,,,,
"bird_shell_nest","Bird Shell Nest","place","The J. Bird Sr. Shell Nest is a 5,000 square foot facility for the rowing team, the first boat storage facility specifically dedicated to the needs of the varsity rowers at TU.\n \nThe location is a short 15 minute drive from campus and it allows TU access to one of the best waterways for rowing in the United States on the Verdigris River.  The Verdigris River is part of the Mississippi River watershed and sports a natural setting of 18 miles distance for the TU Women's Rowing Team to practice.  The J. Bird Sr. Shell Nest was completed in January 2007.","Rogers Point Park, 4001 North Hwy 66, Catoosa, OK 74115",,"http://images-cf.localist.com/photos/361257/huge/e657ca6d779a2d32be74a112394737ae30dba607.jpg","ATHLETIC FACILITIES",,36.211436,-95.721602,"athletics",14,,,,,,,,,,,,,,,,,,,,,,,,,,,,,,,,
"case_athletic_complex","Case Athletic Complex","place","The 29,000-square-foot, three-story Case Athletic Complex serves as home for Golden Hurricane football. The building also provides an academic achievement center with counselor's offices, private and group study areas and a computer lab serving more than 300 TU student-athletes from 18 intercollegiate teams. The football facilities include a locker room with more than 100 lockers and 18 showers, an athletic training room, hydrotherapy room, equipment storage, coaches' offices, team meeting rooms, video production facilities and Letterman's Lounge. Presentations of TU football's proud heritage are displayed throughout the building.","3150 East 8th Street, Tulsa, Oklahoma 74104-9700",,"http://images-cf.localist.com/assets/main/business_huge-c0846f6f497bda77b914557561c412e0.png","ATHLETIC FACILITIES",,36.14951401,-95.9437763178,"athletics",18,,,,,,,"Academic Support for Athletes","Football",,,,,,,,,,,,,,,,,,,,,,,,
"case_tennis_center","Case Tennis Center","place","The Michael D. Case Tennis Center, named a premiere college tennis facility by the U.S. Tennis Association, includes a 54,000-square-foot tennis pavilion with spectator seating, conditioning and training facilities, lounges, essential support facilities including bath and locker rooms, lighted outdoor courts and indoor courts and electronic scoreboards. The center, which officially opened in 2001 with an inaugural dedication game played by John McEnroe, will be the host site of the 2016 NCAA Men's and Women's Division I Tennis Championships The campus venue is named for Mike Case, a local developer and philanthropist. The 2016 tournament will be the third NCAA Division I Tennis Championship hosted at the Case Tennis Center.","712 South Delaware Avenue, Tulsa, Oklahoma 74104-9700",,"http://images-cf.localist.com/assets/main/business_huge-c0846f6f497bda77b914557561c412e0.png","ATHLETIC FACILITIES",,36.1502625026,-95.9498599325,"tennis",18,,,,,,,,,,,,,,,,,,,,,,,,,,,,,,,,
"collins_family_softball_complex","Collins Family Softball Complex","place","The Collins Family Softball Complex, which opened in 2002, features a burmed sitting area with a facade of Tennessee ledgestone. The field includes a shrub-lined outfield fence, as well as an outfield warning track, bullpens and batting cages along with a press box and scoreboard. Sunken dugouts are located just below the seating, which includes a capacity of approximately 800. The new building, completed in January 2012, provides the Golden Hurricane a locker room and team room, as well as coaches' game day office and umpire locker rooms. The softball field and locker room facility complex, named in honor of the late Fulton Collins, former Board of Trustees chairman, and his wife, Susie, is part of the larger Donna J. Hardesty Sports Complex.","South Delaware Avenue, Tulsa, Oklahoma 74104-9700",,"http://images-cf.localist.com/assets/main/business_huge-c0846f6f497bda77b914557561c412e0.png","ATHLETIC FACILITIES",,36.1512478183,-95.9508441607,"softball",18,,,,,,,,,,,,,,,,,,,,,,,,,,,,,,,,
"ha_chapman_stadium","H.A. Chapman Stadium","place","The H.A. and Mary K. Chapman Foundations provided the lead gift for the 2008 stadium improvements. Renovations included new stadium seating, improved and expanded restroom facilities, updated concession areas and dedicated handicap-accessible seating at every price point in the stadium. A state-of-the-art scoreboard has been erected behind the south end zone to allow fans to view a high-resolution display of live and recorded video, scores, animation and more.","3112 East 8th Street, Tulsa, Oklahoma 74104-9700",,"http://images-cf.localist.com/assets/main/business_huge-c0846f6f497bda77b914557561c412e0.png","ATHLETIC FACILITIES",,36.1488084894,-95.9437607877,"american-football",16,,,,,"Football",,"ONEOK Club",,,,,,,,,,,,,,,,,,,,,,,,,
"hardesty_sports_complex_588","Hardesty Sports Complex","place","Several new buildings located west of Delaware Avenue constitute the Donna J. Hardesty Sports Complex. The Hardesty complex includes the Hurricane Soccer/Track Facility and a new softball park.","South Delaware Avenue, Tulsa, Oklahoma 74104-9700",,"http://images-cf.localist.com/assets/main/business_huge-c0846f6f497bda77b914557561c412e0.png","ATHLETIC FACILITIES",,36.152168,-95.949722,"athletics",18,,,,,,,,,,,,,,,,,,,,,,,,,,,,,,,,
"harwell_field","Harwell Field","place","Tulsa oilman Earl Palmer (E.P.) Harwell purchased land during the 1920s and gave it to the university. Dubbed Harwell Field, the grassy field nestled between Fraternity and Sorority Rows and behind the Lorton Performance Center is the site for outdoor movies, pick up football games and the Harwell Tennis Courts.","South Gary Place, Tulsa, Oklahoma 74104-9700",,"http://images-cf.localist.com/assets/main/business_huge-c0846f6f497bda77b914557561c412e0.png","ATHLETIC FACILITIES",,36.1517026416,-95.9431672146,"athletics",18,,,,,,,,,,,,,,,,,,,,,,,,,,,,,,,,
"hurricane_athletic_building","Hurricane Athletic Building","place","The athletic training room in the Hurricane Athletic Building is used primarily as a lab for the practicum courses in the athletic training program as well as an exercise physiology lab. This facility also houses Campus Security offices.","3115 East 8th Street, Tulsa, Oklahoma 74104-9700",,"http://images-cf.localist.com/assets/main/business_huge-c0846f6f497bda77b914557561c412e0.png","ATHLETIC FACILITIES",,36.150089,-95.943741,"athletics",18,,,,,,,"Campus Security","Equipment Room","Exercise Science Lab","Soccer","Softball","Track and Cross Country",,,,,,,,,,,,,,,,,,,,
"mabee_gym","Mabee Gym","place","The Mabee Gym is home to the TU Athletic Department as well as athletic training and practice facilities for TU intercollegiate sports. It also provides racquetball and squash facilities for use by students, faculty and staff.","3105 East 8th Street, Tulsa, Oklahoma 74104-9700",,"http://images-cf.localist.com/assets/main/business_huge-c0846f6f497bda77b914557561c412e0.png","ATHLETIC FACILITIES",,36.1500326633,-95.9442598049,"athletics",17,,,,,,,"Athletic Administration","Athletic Marketing/Media Relations","Jack Zink Indoor Rowing Center","Mabee Gym","Men’s Golf","Recquetball/Squash courts","Locker rooms","Rowing","Volleyball Practice Facility","Women’s Golf",,,,,,,,,,,,,,,,
"reynolds_centerathletic_training_facility","Reynolds Center","place","The Donald W. Reynolds Center is home to the TU basketball and volleyball teams. It is also used for other university and community events including graduation, dinners and concerts. Features include a variety of modalities and rehabilitation equipment, such as a Biodex. Athletic training students utilize this facility for completing their clinical rotations. There also is a sports medicine conference room for athletic training classes.","3208 E. 8th St., Tulsa, Oklahoma 74104-9700",,"http://images-cf.localist.com/assets/main/business_huge-c0846f6f497bda77b914557561c412e0.png","ATHLETIC FACILITIES",,36.1488901881,-95.9421424663,"basketball",16,,,,,"Basketball","Softball","Athletic Ticket Office","Athletic Training Center","Athletic Video Services","Men’s Basketball","Strength and Conditioning","Volleyball","Women’s Basketball",,,,,,,,,,,,,,,,,,,
"soccer_practice_field_10","Soccer Practice Field","place",,"759 S Delaware Ave, Tulsa, OK 74104, USA",,"http://images-cf.localist.com/assets/main/business_huge-c0846f6f497bda77b914557561c412e0.png","ATHLETIC FACILITIES",,36.1492596783,-95.9500470417,"athletics",18,,,,,,,,,,,,,,,,,,,,,,,,,,,,,,,,
"baptist_collegiate_ministries","Baptist Collegiate Ministries","place","The university is supported by a number of campus ministries that maintain facilities and outreach programs to nurture their respective constituencies. Each ministry adds its distinctive identity and voice to the interfaith conversation that articulates the religious life of the university.","710 South College Avenue, Tulsa, Oklahoma 74104-9700",,"http://images-cf.localist.com/assets/main/business_huge-c0846f6f497bda77b914557561c412e0.png","CAMPUS MINISTRIES",,36.150469829,-95.9464163178,"christian",19,,,,,,,,,,,,,,,,,,,,,,,,,,,,,,,,
"hillel_house","Hillel House","place","A number of campus ministries maintain campus facilities and programs of outreach and nurture for their respective constituencies. Each of these ministries adds its distinctive identity and voice to the interfaith conversation that articulates the religious life of the university.","315 South Delaware Avenue, Tulsa, Oklahoma 74104-9700",,"http://images-cf.localist.com/assets/main/business_huge-c0846f6f497bda77b914557561c412e0.png","CAMPUS MINISTRIES",,36.1557788343,-95.9483992245,"muslim",18,,,,,,,,,,,,,,,,,,,,,,,,,,,,,,,,
"muslim_student_association_prayer_house","Muslim Student Association Prayer House","place","The Muslim Student Association facility has room for 100 people in the first-floor men's prayer hall and 50 in the second-floor balcony, serving as the women's prayer hall.","3020 East 4th Place, Tulsa, Oklahoma 74104-9700",,"http://images-cf.localist.com/assets/main/business_huge-c0846f6f497bda77b914557561c412e0.png","CAMPUS MINISTRIES",,36.1545180175,-95.9452013264,"muslim",18,,,,,,,,,,,,,,,,,,,,,,,,,,,,,,,,
"newman_center","Newman Center","place","The Newman Center supports the university's Catholic community.","440 South Florence, Tulsa, Oklahoma 74104-9700",,"http://images-cf.localist.com/photos/312168/huge/f64484705bc738e23b04294e54bf2f1724081d78.jpg","CAMPUS MINISTRIES",,36.1542166397,-95.9452650552,"christian",18,,,,,,,,,,,,,,,,,,,,,,,,,,,,,,,,
"sharp_chapel","Sharp Chapel","place","In 1959, TU dedicated Sharp Memorial Chapel, an expression of the devotion of Mr. And Mrs. Robert C. Sharp and the dreams of Dr. Clarence I. Pontius. Within the building are: the Sanctuary, Josephine Meditation Chapel, office of the Sharp Chaplain, Robert C. Sharp Westminster Student Center, Josephine P. Sharp Reception Suite, Buford Atrium and Martha S. Canterbury Suite.","2940 East 6th Street, Tulsa, Oklahoma 74104-9700",,"http://images-cf.localist.com/photos/310688/huge/46a11337228b022667a7eb81e036d1ff2cf25268.jpg","CAMPUS MINISTRIES",,36.1514417058,-95.9462614957,"christian",18,,,,,,,"Chaplain’s Office",,,,,,,,,,,,,,,,"Buford Atrium",,,,,,,,,
"united_campus_ministry","United Campus Ministry","place","UCM is comprised of TU students of all faiths and backgrounds, including those who are not sure if they have a faith. UCM welcomes everyone regardless of faith tradition, race, gender, sexual orientation, national origin, age or ability.","2839 East 5th Street, Tulsa, Oklahoma 74104-9700",,"http://images-cf.localist.com/assets/main/business_huge-c0846f6f497bda77b914557561c412e0.png","CAMPUS MINISTRIES",,36.1539275029,-95.946340411,"christian",19,,,,,,,,,,,,,,,,,,,,,,,,,,,,,,,,
"university_united_methodist_church_197","University United Methodist Church","place",,"500 South College Tulsa, OK 74104",,"http://images-cf.localist.com/photos/311882/huge/32ca521f06f3c68a5c6fb6a23958bf0e5f79404d.jpg","CAMPUS MINISTRIES",,36.1540767206,-95.9465015043,"christian",18,,,,,,,,,,,,,,,,,,,,,,,,,,,,,,,,
"wesley_foundation","Wesley Foundation","place","The university is supported by a number of campus ministries that maintain facilities and outreach programs.","3019 East 5th Street, Tulsa, Oklahoma 74104-9700",,"http://images-cf.localist.com/assets/main/business_huge-c0846f6f497bda77b914557561c412e0.png","CAMPUS MINISTRIES",,36.1538481829,-95.945081411,"christian",18,,,,,,,,,,,,,,,,,,,,,,,,,,,,,,,,
"memorial_tree_1","Steve Munson & Annette Trigaiel","place",,,,,"MEMORIAL TREES",,36.151207,-95.94602,"tree",20,,,,,,,,,,,,,,,,,,,,,,,,,,,,,,,,
"memorial_tree_2","Dr. Edward Cadenhead","place",,,,,"MEMORIAL TREES",,36.151419,-95.945827,"tree",20,,,,,,,,,,,,,,,,,,,,,,,,,,,,,,,,
"memorial_tree_3","University of Tulsa Class of 1984","place",,,,,"MEMORIAL TREES",,36.151523,-95.945873,"tree",20,,,,,,,,,,,,,,,,,,,,,,,,,,,,,,,,
"memorial_tree_4","Brad Bowker","place",,,,,"MEMORIAL TREES",,36.152357,-95.944924,"tree",20,,,,,,,,,,,,,,,,,,,,,,,,,,,,,,,,
"memorial_tree_5","Addye Langston","place",,,,,"MEMORIAL TREES",,36.15132,-95.946921,"tree",20,,,,,,,,,,,,,,,,,,,,,,,,,,,,,,,,
"memorial_tree_6","Gailard L. Sartain Sr.","place",,,,,"MEMORIAL TREES",,36.151639,-95.946771,"tree",20,,,,,,,,,,,,,,,,,,,,,,,,,,,,,,,,
"memorial_tree_7","J. Paschal Twyman & Michael W. Davis","place",,,,,"MEMORIAL TREES",,36.153018,-95.946827,"tree",20,,,,,,,,,,,,,,,,,,,,,,,,,,,,,,,,
"memorial_tree_8","Martha Kennett Wofford","place",,,,,"MEMORIAL TREES",,36.152964,-95.946841,"tree",20,,,,,,,,,,,,,,,,,,,,,,,,,,,,,,,,
"memorial_tree_9","Dr. Cecilia Palmer","place",,,,,"MEMORIAL TREES",,36.15179,-95.948044,"tree",20,,,,,,,,,,,,,,,,,,,,,,,,,,,,,,,,
"memorial_tree_10","Cindy Lauren Head","place",,,,,"MEMORIAL TREES",,36.153573,-95.944494,"tree",20,,,,,,,,,,,,,,,,,,,,,,,,,,,,,,,,
"memorial_tree_11","Walter M. Swartz","place",,,,,"MEMORIAL TREES",,36.154063,-95.942541,"tree",20,,,,,,,,,,,,,,,,,,,,,,,,,,,,,,,,
"memorial_tree_12","Michelle Dir","place",,,,,"MEMORIAL TREES",,36.151027,-95.945867,"tree",20,,,,,,,,,,,,,,,,,,,,,,,,,,,,,,,,
"memorial_tree_13","Paul S. Wyatt","place",,,,,"MEMORIAL TREES",,36.153149,-95.94888,"tree",20,,,,,,,,,,,,,,,,,,,,,,,,,,,,,,,,
"memorial_tree_14","Juan Andres Jaua Marturet &  Francisco Fernando Escorihuela Urbina","place",,,,,"MEMORIAL TREES",,36.15468,-95.941798,"tree",20,,,,,,,,,,,,,,,,,,,,,,,,,,,,,,,,
"memorial_tree_15","Walton Mauer","place",,,,,"MEMORIAL TREES",,36.152316,-95.943242,"tree",20,,,,,,,,,,,,,,,,,,,,,,,,,,,,,,,,
"memorial_tree_16","University of Tulsa - Student Nurses Assoc.","place",,,,,"MEMORIAL TREES",,36.152912,-95.948181,"tree",20,,,,,,,,,,,,,,,,,,,,,,,,,,,,,,,,
"memorial_tree_17","Erin White","place",,,,,"MEMORIAL TREES",,36.153896,-95.942584,"tree",20,,,,,,,,,,,,,,,,,,,,,,,,,,,,,,,,
"memorial_tree_18","Kay Thompson","place",,,,,"MEMORIAL TREES",,36.150345,-95.948003,"tree",20,,,,,,,,,,,,,,,,,,,,,,,,,,,,,,,,
"memorial_tree_19","Kenneth Furtney","place",,,,,"MEMORIAL TREES",,36.152638,-95.945892,"tree",20,,,,,,,,,,,,,,,,,,,,,,,,,,,,,,,,
"memorial_tree_20","Kimberly Hanger","place",,,,,"MEMORIAL TREES",,36.152576,-95.945785,"tree",20,,,,,,,,,,,,,,,,,,,,,,,,,,,,,,,,
"memorial_tree_21","Mark Lindsey","place",,,,,"MEMORIAL TREES",,36.151505,-95.945065,"tree",20,,,,,,,,,,,,,,,,,,,,,,,,,,,,,,,,
"memorial_tree_22","Shawn Williams Sanders","place",,,,,"MEMORIAL TREES",,36.15153,-95.947434,"tree",20,,,,,,,,,,,,,,,,,,,,,,,,,,,,,,,,
"memorial_tree_23","Mary Ellen O'Connor","place",,,,,"MEMORIAL TREES",,36.151594,-95.948103,"tree",20,,,,,,,,,,,,,,,,,,,,,,,,,,,,,,,,
"memorial_tree_24","Robert Nicholson","place",,,,,"MEMORIAL TREES",,36.151603,-95.947867,"tree",20,,,,,,,,,,,,,,,,,,,,,,,,,,,,,,,,
"memorial_tree_25","Ward-Sanders-Balfour-Derby","place",,,,,"MEMORIAL TREES",,36.151392,-95.944998,"tree",20,,,,,,,,,,,,,,,,,,,,,,,,,,,,,,,,
"memorial_tree_26","University of Tulsa-Class 2003","place",,,,,"MEMORIAL TREES",,36.152511,-95.945534,"tree",20,,,,,,,,,,,,,,,,,,,,,,,,,,,,,,,,
"memorial_tree_27","Annette Watkins – Brune","place",,,,,"MEMORIAL TREES",,36.154229,-95.944648,"tree",20,,,,,,,,,,,,,,,,,,,,,,,,,,,,,,,,
"memorial_tree_28","Patrick Reinheart","place",,,,,"MEMORIAL TREES",,36.152908,-95.947331,"tree",20,,,,,,,,,,,,,,,,,,,,,,,,,,,,,,,,
"memorial_tree_29","Ray Siegfried","place",,,,,"MEMORIAL TREES",,36.151248,-95.946,"tree",20,,,,,,,,,,,,,,,,,,,,,,,,,,,,,,,,
"memorial_tree_30","Lura Caldwell Culley","place",,,,,"MEMORIAL TREES",,36.151038,-95.945988,"tree",20,,,,,,,,,,,,,,,,,,,,,,,,,,,,,,,,
"memorial_tree_31","Jack Zink","place",,,,,"MEMORIAL TREES",,36.150939,-95.94597,"tree",20,,,,,,,,,,,,,,,,,,,,,,,,,,,,,,,,
"memorial_tree_31","Sandy West","place",,,,,"MEMORIAL TREES",,36.151542,-95.947351,"tree",20,,,,,,,,,,,,,,,,,,,,,,,,,,,,,,,,
"memorial_tree_32","Ronald Morris","place",,,,,"MEMORIAL TREES",,36.150682,-95.948473,"tree",20,,,,,,,,,,,,,,,,,,,,,,,,,,,,,,,,
"memorial_tree_33","Neal Sweeney","place",,,,,"MEMORIAL TREES",,36.149783,-95.94317,"tree",20,,,,,,,,,,,,,,,,,,,,,,,,,,,,,,,,
"campus_bookstore","Campus Bookstore","place","<div class=""entry-content"">
		<p>The <a href=""http://www.bkstr.com/tulsastore/home"" target=""_blank"">University Bookstore</a> sells textbooks, general-interest books, Golden Hurricane merchandise and clothing as well as convenience items.</p>
<p>All required and recommended textbooks used for coursework at TU are carried in the store. Books not found in the store also can be special ordered.&nbsp;The bookstore buys back textbooks year-round as well as during the end-of-semester buy-back programs.</p>
<p>Other items you can find at the bookstore include study aids, school supplies, health and beauty supplies and gifts.</p>
<h3>Location &amp;&nbsp;Phone Number</h3>
<p>3314 E. 11th St.,&nbsp;Tulsa, OK 74104<br>
918-836-1770<br>
<a href=""mailto:mgr@fheg.follett.com"">tulsa@bkstr.com</a><br>
<a href=""http://www.bkstr.com/tulsastore/home"" target=""_blank"">Campus Bookstore</a></p>
<h3>Summer Hours</h3>
<p>Monday&nbsp;–&nbsp;Friday<br>
9:00 a.m. to 5:00 p.m.</p>
<p>Saturday<br>
11:00 a.m. to 3:00 p.m.</p>
<p>Sunday<br>
Closed</p></div>",,,,"TU MAIN CAMPUS",,36.1475036,-95.9416648,"classroom",17,,,,,,,,,,,,,,,,,,,,,,,,,,,,,,,,
